# TiDB 分区表

# 分区类型

TiDB 中的分区类型：当前支持的类型包括 [Range 分区](https://docs.pingcap.com/zh/tidb/stable/partitioned-table#range-分区) 、[Range COLUMNS 分区](https://docs.pingcap.com/zh/tidb/stable/partitioned-table#range-columns-分区) 、[Range INTERVAL 分区](https://docs.pingcap.com/zh/tidb/stable/partitioned-table#range-interval-分区) 、[List 分区](https://docs.pingcap.com/zh/tidb/stable/partitioned-table#list-分区) 、 [List COLUMNS 分区](https://docs.pingcap.com/zh/tidb/stable/partitioned-table#list-columns-分区) 和 [Hash 分区](https://docs.pingcap.com/zh/tidb/stable/partitioned-table#hash-分区) 。

## Range分区

Range 分区是指，对于表的每个分区中包含的所有行，按分区表达式计算的值都落在给定的范围内。Range 必须是连续的，分区的定义必须是有序的，按从小到大递增，并且不能有重叠，通过使用 `VALUES LESS THAN` 进行定义。

案例如下，创建一个人事记录的表：

```sql
CREATE TABLE test_employees (
    id INT NOT NULL,
    fname VARCHAR(30),
    lname VARCHAR(30),
    hired DATE NOT NULL DEFAULT '1970-01-01',
    separated DATE DEFAULT '9999-12-31',
    job_code INT,
    store_id INT NOT NULL
);
```

根据需求按各种方式进行 Range 分区。假如想要按 `store_id` 列进行分区：

```sql
CREATE TABLE test_employees (
    id INT NOT NULL,
    fname VARCHAR(30),
    lname VARCHAR(30),
    hired DATE NOT NULL DEFAULT '1970-01-01',
    separated DATE DEFAULT '9999-12-31',
    job_code INT,
    store_id INT NOT NULL
)
PARTITION BY RANGE (store_id) (
    PARTITION p0 VALUES LESS THAN (6),
    PARTITION p1 VALUES LESS THAN (11),
    PARTITION p2 VALUES LESS THAN (16),
    PARTITION p3 VALUES LESS THAN (21)
);
```

在这个分区模式中，所有 `store_id` 为 1 到 5 的员工，都存储在分区 `p0` 里面，`store_id` 为 6 到 10 的员工则存储在分区 `p1` 里面。数据 `(26, 'wee', 'weehn', '2015-06-25', '2023-05-23', 101, 15)` 将会落到分区 `p2` 里面。

插入数据如下：

```sql
INSERT INTO test_employees (id, fname, lname, hired, separated, job_code,store_id) VALUES(1, 'tom', 'John', '2015-06-25', '2023-05-23', 101, 1);
INSERT INTO test_employees (id, fname, lname, hired, separated, job_code,store_id) VALUES(2, 'tom', 'John', '2015-06-25', '2023-05-20', 101, 1);
INSERT INTO test_employees (id, fname, lname, hired, separated, job_code,store_id) VALUES(3, 'tom', 'John', '2015-06-25', '2023-05-23', 101, 1);
INSERT INTO test_employees (id, fname, lname, hired, separated, job_code,store_id) VALUES(4, 'tomm', 'Johnn', '2015-06-25', '2023-05-23', 101, 2);
INSERT INTO test_employees (id, fname, lname, hired, separated, job_code,store_id) VALUES(5, 'tomm', 'Johnn', '2015-06-25', '2023-05-23', 101, 2);
INSERT INTO test_employees (id, fname, lname, hired, separated, job_code,store_id) VALUES(6, 'coo', 'coohn', '2015-06-25', '2023-05-23', 101, 3);
INSERT INTO test_employees (id, fname, lname, hired, separated, job_code,store_id) VALUES(7, 'lom', 'lomhn', '2015-06-25', '2023-05-23', 101, 4);
INSERT INTO test_employees (id, fname, lname, hired, separated, job_code,store_id) VALUES(8, 'lom', 'lomhn', '2015-06-25', '2023-05-23', 101, 4);
INSERT INTO test_employees (id, fname, lname, hired, separated, job_code,store_id) VALUES(9, 'wom', 'womhn', '2015-06-25', '2023-05-23', 101, 5);
INSERT INTO test_employees (id, fname, lname, hired, separated, job_code,store_id) VALUES(10, 'fom', 'fomhn', '2015-06-25', '2023-05-23', 101, 6);
INSERT INTO test_employees (id, fname, lname, hired, separated, job_code,store_id) VALUES(11, 'fom', 'fomhn', '2015-06-25', '2023-05-23', 101, 6);
INSERT INTO test_employees (id, fname, lname, hired, separated, job_code,store_id) VALUES(12, 'kii', 'kiihn', '2015-06-25', '2023-05-23', 101, 7);
INSERT INTO test_employees (id, fname, lname, hired, separated, job_code,store_id) VALUES(13, 'mii', 'miihn', '2015-06-25', '2023-05-23', 101, 8);
INSERT INTO test_employees (id, fname, lname, hired, separated, job_code,store_id) VALUES(14, 'mii', 'miihn', '2015-06-25', '2023-05-23', 101, 8);
INSERT INTO test_employees (id, fname, lname, hired, separated, job_code,store_id) VALUES(15, 'tuu', 'tuuhn', '2015-06-25', '2023-05-23', 101, 9);
INSERT INTO test_employees (id, fname, lname, hired, separated, job_code,store_id) VALUES(16, 'tuu', 'tuuhn', '2015-06-25', '2023-05-23', 101, 9);
INSERT INTO test_employees (id, fname, lname, hired, separated, job_code,store_id) VALUES(17, 'www', 'wwwhn', '2015-06-25', '2023-05-23', 101, 10);
INSERT INTO test_employees (id, fname, lname, hired, separated, job_code,store_id) VALUES(18, 'www', 'wwwhn', '2015-06-25', '2023-05-23', 101, 10);
INSERT INTO test_employees (id, fname, lname, hired, separated, job_code,store_id) VALUES(19, 'www', 'wwwhn', '2015-06-25', '2023-05-23', 101, 10);
INSERT INTO test_employees (id, fname, lname, hired, separated, job_code,store_id) VALUES(20, 'mmm', 'mmmhn', '2015-06-25', '2023-05-23', 101, 11);
INSERT INTO test_employees (id, fname, lname, hired, separated, job_code,store_id) VALUES(21, 'saa', 'saahn', '2015-06-25', '2023-05-23', 101, 12);
INSERT INTO test_employees (id, fname, lname, hired, separated, job_code,store_id) VALUES(22, 'xoo', 'xoohn', '2015-06-25', '2023-05-23', 101, 13);
INSERT INTO test_employees (id, fname, lname, hired, separated, job_code,store_id) VALUES(23, 'xoo', 'xoohn', '2015-06-25', '2023-05-23', 101, 13);
INSERT INTO test_employees (id, fname, lname, hired, separated, job_code,store_id) VALUES(24, 'huu', 'huuhn', '2015-06-25', '2023-05-23', 101, 14);
INSERT INTO test_employees (id, fname, lname, hired, separated, job_code,store_id) VALUES(25, 'huu', 'huuhn', '2015-06-25', '2023-05-23', 101, 14);
INSERT INTO test_employees (id, fname, lname, hired, separated, job_code,store_id) VALUES(26, 'wee', 'weehn', '2015-06-25', '2023-05-23', 101, 15);
INSERT INTO test_employees (id, fname, lname, hired, separated, job_code,store_id) VALUES(27, 'wee', 'weehn', '2015-06-25', '2023-05-23', 101, 16);
INSERT INTO test_employees (id, fname, lname, hired, separated, job_code,store_id) VALUES(28, 'wee', 'weehn', '2015-06-25', '2023-05-23', 101, 16);
INSERT INTO test_employees (id, fname, lname, hired, separated, job_code,store_id) VALUES(29, 'mmm', 'mmmhn', '2015-06-25', '2023-05-23', 101, 17);
INSERT INTO test_employees (id, fname, lname, hired, separated, job_code,store_id) VALUES(30, 'mmm', 'mmmhn', '2015-06-25', '2023-05-23', 101, 18);
INSERT INTO test_employees (id, fname, lname, hired, separated, job_code,store_id) VALUES(31, 'mmm', 'mmmhn', '2015-06-25', '2023-05-23', 101, 19);
INSERT INTO test_employees (id, fname, lname, hired, separated, job_code,store_id) VALUES(32, 'tom', 'John', '2015-06-25', '2023-05-23', 101, 20);
INSERT INTO test_employees (id, fname, lname, hired, separated, job_code,store_id) VALUES(33, 'tom', 'John', '2015-06-25', '2023-05-23', 101, 20);
```

但如果你插入一条 `store_id` 大于 20 的记录，则会报错，因为 TiDB 无法知晓应该将它插入到哪个分区。

数据与报错如下：

```sql
INSERT INTO test_employees (id, fname, lname, hired, separated, job_code,store_id) VALUES(34, 'tom', 'John', '2015-06-25', '2023-05-23', 101, 21)
> 1526 - Table has no partition for value 21
> 时间: 0.004s
```

这种情况下，Range 分区可以在建表时使用最大值定义分区` MAXVALUE` ，因为`MAXVALUE`表示一个比所有整数都大的整数。如此可以避免要写入的数据大于定义的分区。

```sql
CREATE TABLE test_employees_max (
    id INT NOT NULL,
    fname VARCHAR(30),
    lname VARCHAR(30),
    hired DATE NOT NULL DEFAULT '1970-01-01',
    separated DATE DEFAULT '9999-12-31',
    job_code INT,
    store_id INT NOT NULL
)
PARTITION BY RANGE (store_id) (
    PARTITION p0 VALUES LESS THAN (6),
    PARTITION p1 VALUES LESS THAN (11),
    PARTITION p2 VALUES LESS THAN (16),
    PARTITION p3 VALUES LESS THAN MAXVALUE
);
```



在 Range 分区中，可以基于 `timestamp` 列的值分区，并使用 `unix_timestamp()` 函数。

对于 timestamp 列，使用其它的分区表达式是不允许的。

Range 分区在下列条件之一或者多个都满足时，尤其有效：

- 删除旧数据。如果你使用之前的 `employees` 表的例子，你可以简单使用 `ALTER TABLE employees DROP PARTITION p0;` 删除所有在 1991 年以前停止继续在这家公司工作的员工记录。这会比使用 `DELETE FROM employees WHERE YEAR(separated) <= 1990;` 执行快得多。
- 使用包含时间或者日期的列，或者是其它按序生成的数据。
- 频繁查询分区使用的列。例如执行这样的查询 `EXPLAIN SELECT COUNT(*) FROM employees WHERE separated BETWEEN '2000-01-01' AND '2000-12-31' GROUP BY store_id;` 时，TiDB 可以迅速确定，只需要扫描 `p2` 分区的数据，因为其它的分区不满足 `where` 条件。

```sql
CREATE TABLE quarterly_report_status (
    report_id INT NOT NULL,
    report_status VARCHAR(20) NOT NULL,
    report_updated TIMESTAMP NOT NULL DEFAULT CURRENT_TIMESTAMP ON UPDATE CURRENT_TIMESTAMP
)
PARTITION BY RANGE ( UNIX_TIMESTAMP(report_updated) ) (
    PARTITION p0 VALUES LESS THAN ( UNIX_TIMESTAMP('2008-01-01 00:00:00') ),
    PARTITION p2 VALUES LESS THAN ( UNIX_TIMESTAMP('2008-07-01 00:00:00') ),
    PARTITION p4 VALUES LESS THAN ( UNIX_TIMESTAMP('2009-01-01 00:00:00') ),
    PARTITION p7 VALUES LESS THAN ( UNIX_TIMESTAMP('2009-10-01 00:00:00') ),
    PARTITION p8 VALUES LESS THAN ( UNIX_TIMESTAMP('2010-01-01 00:00:00') ),
    PARTITION p9 VALUES LESS THAN (MAXVALUE)
);
```

`UNIX_TIMESTAMP()`  返回一个 Unix 时间戳（TiDB 支持使用 MySQL 5.7 中提供的所有[日期和时间函数](https://dev.mysql.com/doc/refman/5.7/en/date-and-time-functions.html) 。

```sql
mysql> SELECT UNIX_TIMESTAMP();
        -> 1447431666
```

### Range 分区操作

**分区选择**：

SELECT 语句中支持分区选择。实现通过使用一个 `PARTITION` 选项实现。

如果希望获得多个分区中的行，可以提供分区名的列表，用逗号隔开。例如： 查询 p0 分区和 p1分区

```sql
# 返回分区 p0 分区和 p1分区 的所有行。
SELECT id, fname, lname, hired, separated, job_code,store_id FROM test_employees partition(p0, p1);
```

使用分区选择时，仍然可以使用 where 条件，以及 ORDER BY 和 LIMIT 等选项。使用 HAVING 和 GROUP BY 等聚合选项也是支持的。

```sql
SELECT id, fname, lname, hired, separated, job_code,store_id FROM test_employees partition(p0, p1) WHERE lname LIKE 'J%';
```

**分支选择支持所有类型的分区表，无论是 Range 分区或是 Hash 分区等。**对于 Hash 分区，如果没有指定分区名，会自动使用 `p0`、`p1`、`p2`、……、或 `pN-1` 作为分区名。

在 `INSERT ... SELECT` 的 `SELECT` 中也是可以使用分区选择的。



**删除分区：**

```sql
ALTER TABLE test_employees DROP PARTITION p2;
```



**清空分区：**

```sql
ALTER TABLE test_employees TRUNCATE PARTITION p1;
```

注意：

`ALTER TABLE ... REORGANIZE PARTITION` 在 TiDB 中暂不支持。



**添加分区：**

```sql
ALTER TABLE test_employees ADD PARTITION (PARTITION p4 VALUES LESS THAN (21));
```

Range 分区中，`ADD PARTITION` 只能在分区列表的最后面添加，如果是添加到已存在的分区范围则会报错：

```sql
ALTER TABLE test_employees ADD PARTITION (PARTITION p4 VALUES LESS THAN (8))
> 1493 - VALUES LESS THAN value must be strictly increasing for each partition
> 时间: 0.007s
```

如果最后一个分区使用了`MAXVALUE`,添加分区会报错：

```sql
ALTER TABLE test_employees ADD PARTITION (PARTITION p4 VALUES LESS THAN (25))
> 1481 - MAXVALUE can only be used in last partition definition
> 时间: 0.007s
```







### Range COLUMNS 分区

Range COLUMNS 分区是 Range 分区的一种变体。你可以使用一个或者多个列作为分区键，分区列的数据类型可以是整数 (integer)、字符串（`CHAR`/`VARCHAR`），`DATE` 和 `DATETIME`。不支持使用任何表达式。

假设你想要按名字进行分区，并且能够轻松地删除旧的无效数据，那么你可以创建一个表格，如下所示：

```sql
CREATE TABLE t (
  valid_until datetime,
  name varchar(255) CHARACTER SET ascii,
  notes text
)
PARTITION BY RANGE COLUMNS(name, valid_until)
(PARTITION `p2022-g` VALUES LESS THAN ('G','2023-01-01 00:00:00'),
 PARTITION `p2023-g` VALUES LESS THAN ('G','2024-01-01 00:00:00'),
 PARTITION `p2022-m` VALUES LESS THAN ('M','2023-01-01 00:00:00'),
 PARTITION `p2023-m` VALUES LESS THAN ('M','2024-01-01 00:00:00'),
 PARTITION `p2022-s` VALUES LESS THAN ('S','2023-01-01 00:00:00'),
 PARTITION `p2023-s` VALUES LESS THAN ('S','2024-01-01 00:00:00'))
```

该语句将按名字和年份的范围

`[ ('', ''), ('G', '2023-01-01 00:00:00') )`，

`[ ('G', '2023-01-01 00:00:00'), ('G', '2024-01-01 00:00:00') )`，

`[ ('G', '2024-01-01 00:00:00'), ('M', '2023-01-01 00:00:00') )`，

`[ ('M', '2023-01-01 00:00:00'), ('M', '2024-01-01 00:00:00') )`，

`[ ('M', '2024-01-01 00:00:00'), ('S', '2023-01-01 00:00:00') )`，

`[ ('S', '2023-01-01 00:00:00'), ('S', '2024-01-01 00:00:00') )` 进行分区，删除无效数据，

同时仍然可以在 name 和 valid_until 列上进行分区裁剪。其中，`[,)` 是一个左闭右开区间，比如

`[ ('G', '2023-01-01 00:00:00'), ('G', '2024-01-01 00:00:00') )`，

表示 name 为 `'G'` ，年份包含 2023-01-01 00:00:00 并大于 2023-01-01 00:00:00 但小于 2024-01-01 00:00:00 的数据，其中不包含 `(G, 2024-01-01 00:00:00)`。





### Range INTERVAL 分区

TiDB v6.3.0 新增了 Range INTERVAL 分区特性，作为语法糖（syntactic sugar）引入。Range INTERVAL 分区是对 Range 分区的扩展。你可以使用特定的间隔（interval）轻松实现批量创建分区表。

其语法如下：

```sql
PARTITION BY RANGE [COLUMNS] (<partitioning expression>)
INTERVAL (<interval expression>)
FIRST PARTITION LESS THAN (<expression>)
LAST PARTITION LESS THAN (<expression>)
[NULL PARTITION]
[MAXVALUE PARTITION]
```

示例：

```sql
CREATE TABLE test_employees (
    id int unsigned NOT NULL,
    fname varchar(30),
    lname varchar(30),
    hired date NOT NULL DEFAULT '1970-01-01',
    separated date DEFAULT '9999-12-31',
    job_code int,
    store_id int NOT NULL
) PARTITION BY RANGE (id)
INTERVAL (100) FIRST PARTITION LESS THAN (100) LAST PARTITION LESS THAN (10000) MAXVALUE PARTITION
```

该示例创建的表与如下 SQL 语句相同：

```sql
CREATE TABLE `employees` (
  `id` int unsigned NOT NULL,
  `fname` varchar(30) DEFAULT NULL,
  `lname` varchar(30) DEFAULT NULL,
  `hired` date NOT NULL DEFAULT '1970-01-01',
  `separated` date DEFAULT '9999-12-31',
  `job_code` int DEFAULT NULL,
  `store_id` int NOT NULL
)
PARTITION BY RANGE (`id`)
(PARTITION `P_LT_100` VALUES LESS THAN (100),
 PARTITION `P_LT_200` VALUES LESS THAN (200),
...
 PARTITION `P_LT_9900` VALUES LESS THAN (9900),
 PARTITION `P_LT_10000` VALUES LESS THAN (10000),
 PARTITION `P_MAXVALUE` VALUES LESS THAN (MAXVALUE))
```

Range INTERVAL 还可以配合 [Range COLUMNS](https://docs.pingcap.com/zh/tidb/stable/partitioned-table#range-columns-分区) 分区一起使用。

在分区表达式中，`NULL` 会被认为是小于任何其他值。参见[分区对 NULL 值的处理](https://docs.pingcap.com/zh/tidb/stable/partitioned-table#range-分区对-null-的处理) 。





## List 分区

在创建 List 分区表之前，需要先将 session 变量 `tidb_enable_list_partition` 的值设置为 `ON`。

```sql
set @@session.tidb_enable_list_partition = ON
```

此外，还需保证 `tidb_enable_table_partition` 变量已开启（默认开启）。

List 分区中，对于表的每个分区中包含的所有行，按分区表达式计算的值属于给定的数据集合。每个分区定义的数据集合有任意个值，但不能有重复的值，可通过 `PARTITION ... VALUES IN (...)` 子句对值进行定义。

与 Range 分区的情况不同，List 分区没有类似的 `MAXVALUE` 分区来存储所有不属于其他 partition 的值。分区表达式的所有期望值都应包含在 `PARTITION ... VALUES IN (...)` 子句中。

创建一张人事记录表，示例如下：

```sql
CREATE TABLE employees (
    id INT NOT NULL,
    hired DATE NOT NULL DEFAULT '1970-01-01',
    store_id INT
);
```

假如一共有 20 个商店分布在 4 个地区，如下表所示：

```gherkin
| Region  | Store ID Numbers     |
| ------- | -------------------- |
| North   | 1, 2, 3, 4, 5        |
| East    | 6, 7, 8, 9, 10       |
| West    | 11, 12, 13, 14, 15   |
| Central | 16, 17, 18, 19, 20   |
```

如果想把同一个地区商店员工的人事数据都存储在同一个分区中，你可以根据 `store_id` 来创建 List 分区：

```sql
CREATE TABLE employees (
    id INT NOT NULL,
    hired DATE NOT NULL DEFAULT '1970-01-01',
    store_id INT
) PARTITION BY LIST (store_id) (
    PARTITION pNorth VALUES IN (1, 2, 3, 4, 5),
    PARTITION pEast VALUES IN (6, 7, 8, 9, 10),
    PARTITION pWest VALUES IN (11, 12, 13, 14, 15),
    PARTITION pCentral VALUES IN (16, 17, 18, 19, 20)
);
```

这样就能方便地在表中添加或删除与特定区域相关的记录。







### List COLUMNS 分区

List COLUMNS 分区是 List 分区的一种变体，可以将多个列用作分区键，并且可以将整数类型以外的数据类型的列用作分区列。你还可以使用字符串类型、`DATE` 和 `DATETIME` 类型的列。

假设商店员工分别来自以下 12 个城市，想要根据相关规定分成 4 个区域，如下表所示：

```gherkin
| Region | Cities                         |
| :----- | ------------------------------ |
| 1      | LosAngeles,Seattle, Houston    |
| 2      | Chicago, Columbus, Boston      |
| 3      | NewYork, LongIsland, Baltimore |
| 4      | Atlanta, Raleigh, Cincinnati   |
```

使用列表列分区，你可以为员工数据创建一张表，将每行数据存储在员工所在城市对应的分区中，如下所示：

```sql
CREATE TABLE employees_1 (
    id INT NOT NULL,
    fname VARCHAR(30),
    lname VARCHAR(30),
    hired DATE NOT NULL DEFAULT '1970-01-01',
    separated DATE DEFAULT '9999-12-31',
    job_code INT,
    store_id INT,
    city VARCHAR(15)
) PARTITION BY LIST COLUMNS(city) (
    PARTITION pRegion_1 VALUES IN('LosAngeles', 'Seattle', 'Houston'),
    PARTITION pRegion_2 VALUES IN('Chicago', 'Columbus', 'Boston'),
    PARTITION pRegion_3 VALUES IN('NewYork', 'LongIsland', 'Baltimore'),
    PARTITION pRegion_4 VALUES IN('Atlanta', 'Raleigh', 'Cincinnati')
);
```

与 List 分区不同的是，你不需要在 `COLUMNS()` 子句中使用表达式来将列值转换为整数。

List COLUMNS 分区也可以使用 `DATE` 和 `DATETIME` 类型的列进行分区，如以下示例中所示，该示例使用与先前的 `employees_1` 表相同的名称和列，但根据 `hired` 列采用 List COLUMNS 分区：

```sql
CREATE TABLE employees_2 (
    id INT NOT NULL,
    fname VARCHAR(30),
    lname VARCHAR(30),
    hired DATE NOT NULL DEFAULT '1970-01-01',
    separated DATE DEFAULT '9999-12-31',
    job_code INT,
    store_id INT,
    city VARCHAR(15)
) PARTITION BY LIST COLUMNS(hired) (
    PARTITION pWeek_1 VALUES IN('2020-02-01', '2020-02-02', '2020-02-03',
        '2020-02-04', '2020-02-05', '2020-02-06', '2020-02-07'),
    PARTITION pWeek_2 VALUES IN('2020-02-08', '2020-02-09', '2020-02-10',
        '2020-02-11', '2020-02-12', '2020-02-13', '2020-02-14'),
    PARTITION pWeek_3 VALUES IN('2020-02-15', '2020-02-16', '2020-02-17',
        '2020-02-18', '2020-02-19', '2020-02-20', '2020-02-21'),
    PARTITION pWeek_4 VALUES IN('2020-02-22', '2020-02-23', '2020-02-24',
        '2020-02-25', '2020-02-26', '2020-02-27', '2020-02-28')
);
```





## Hash 分区

Hash 分区主要用于保证数据均匀地分散到一定数量的分区里面。在 Range 分区中你必须为每个分区指定值的范围；在 Hash 分区中，你只需要指定分区的数量。

使用 Hash 分区时，需要在 `CREATE TABLE` 后面添加 `PARTITION BY HASH (expr)`，其中 `expr` 是一个返回整数的表达式。当这一列的类型是整数类型时，它可以是一个列名。此外，你很可能还需要加上 `PARTITIONS num`，其中 `num` 是一个正整数，表示将表划分多少分区。

下面的语句将创建一个 Hash 分区表，按 `store_id` 分成 4 个分区：

```sql
CREATE TABLE employees (
    id INT NOT NULL,
    fname VARCHAR(30),
    lname VARCHAR(30),
    hired DATE NOT NULL DEFAULT '1970-01-01',
    separated DATE DEFAULT '9999-12-31',
    job_code INT,
    store_id INT
) PARTITION BY HASH(store_id)
PARTITIONS 4;
```

如果不指定 `PARTITIONS num`，默认的分区数量为 1。



### Hash 分区管理

跟 Range 分区不同，Hash 分区不能够 `DROP PARTITION`。

目前 TiDB 的实现暂时不支持 `ALTER TABLE ... COALESCE PARTITION`。对于暂不支持的分区管理语句，TiDB 会返回错误。





## 分区对 NULL 值的处理

TiDB 允许计算结果为 NULL 的分区表达式。注意，NULL 不是一个整数类型，NULL 小于所有的整数类型值，正如 `ORDER BY` 的规则一样。



#### Range 分区对 NULL 的处理

如果插入一行到 Range 分区表，它的分区列的计算结果是 NULL，那么这一行会被插入到最小的那个分区。

如果插入一行到 Range 分区表，它的分区列的计算结果是 NULL，那么这一行会被插入到最小的那个分区。

```sql
> CREATE TABLE t1 (
    c1 INT,
    c2 VARCHAR(20)
)PARTITION BY RANGE(c1) (
    PARTITION p0 VALUES LESS THAN (0),
    PARTITION p1 VALUES LESS THAN (10),
    PARTITION p2 VALUES LESS THAN MAXVALUE
);
Query OK, 0 rows affected (0.09 sec)
> select * from t1 partition(p0);
+------|--------+
| c1   | c2     |
+------|--------+
| NULL | mothra |
+------|--------+
1 row in set (0.00 sec)
> select * from t1 partition(p1);
Empty set (0.00 sec)
> select * from t1 partition(p2);
Empty set (0.00 sec)
```

删除 `p0` 后验证：

```sql
> alter table t1 drop partition p0;
Query OK, 0 rows affected (0.08 sec)
> select * from t1;
Empty set (0.00 sec)
```





#### Hash 分区对 NULL 的处理

在 Hash 分区中 NULL 值的处理有所不同，如果分区表达式的计算结果为 NULL，它会被当作 0 值处理。

```sql
> CREATE TABLE th (
      c1 INT,
      c2 VARCHAR(20)
  ) PARTITION BY HASH(c1)
  PARTITIONS 2;
Query OK, 0 rows affected (0.00 sec)
> INSERT INTO th VALUES (NULL, 'mothra'), (0, 'gigan');
Query OK, 2 rows affected (0.04 sec)
> select * from th partition (p0);
+------|--------+
| c1   | c2     |
+------|--------+
| NULL | mothra |
|    0 | gigan  |
+------|--------+
2 rows in set (0.00 sec)
> select * from th partition (p1);
Empty set (0.00 sec)
```

可以看到，插入的记录 `(NULL, 'mothra')` 跟 `(0, 'gigan')` 落在了同一个分区。

注意：

这里 Hash 分区对 NULL 的处理跟 [MySQL 的文档描述](https://dev.mysql.com/doc/refman/8.0/en/partitioning-handling-nulls.html) 一致，但是跟 MySQL 的实际行为并不一致。也就是说，MySQL 的文档跟它的实现并不一致。

TiDB 的最终行为以本文档描述为准。



# 分区管理

对于 `LIST` 和 `RANGE` 分区表，通过 `ALTER TABLE <表名> ADD PARTITION (<分区说明>)` 或 `ALTER TABLE <表名> DROP PARTITION <分区列表>` 语句，可以执行添加和删除分区的操作。

对于 `LIST` 和 `RANGE` 分区表，暂不支持 `REORGANIZE PARTITION` 语句。

对于 `HASH` 分区表，暂不支持 `COALESCE PARTITION` 和 `ADD PARTITION` 语句。

`EXCHANGE PARTITION` 语句用来交换分区和非分区表，类似于重命名表如 `RENAME TABLE t1 TO t1_tmp, t2 TO t1, t1_tmp TO t2` 的操作。

例如，`ALTER TABLE partitioned_table EXCHANGE PARTITION p1 WITH TABLE non_partitioned_table` 交换的是 `p1` 分区的 `partitioned_table` 表和 `non_partitioned_table` 表。

确保要交换入分区中的所有行与分区定义匹配；否则，交换将失败。

请注意对于以下 TiDB 专有的特性，当表结构中包含这些特性时，在 TiDB 中使用 `EXCHANGE PARTITION` 功能不仅需要满足 [MySQL 的 EXCHANGE PARTITION 条件](https://dev.mysql.com/doc/refman/8.0/en/partitioning-management-exchange.html) ，还要保证这些专有特性对于分区表和非分区表的定义相同。

- [Placement Rules in SQL](https://docs.pingcap.com/zh/tidb/stable/placement-rules-in-sql) ：Placement Policy 定义相同。
- [TiFlash](https://docs.pingcap.com/zh/tidb/stable/tiflash-overview) ：TiFlash Replica 数量相同。
- [聚簇索引](https://docs.pingcap.com/zh/tidb/stable/clustered-indexes) ：分区表和非分区表要么都是聚簇索引 (CLUSTERED)，要么都不是聚簇索引 (NONCLUSTERED)。

此外，`EXCHANGE PARTITION` 和其他组件兼容性上存在一些限制，需要保证分区表和非分区表的一致性：

- TiFlash：TiFlash Replica 定义不同时，无法执行 `EXCHANGE PARTITION` 操作。
- TiCDC：分区表和非分区表都有主键或者唯一键时，TiCDC 同步 `EXCHANGE PARTITION` 操作；反之 TiCDC 将不会同步。
- TiDB Lightning 和 BR：使用 TiDB Lightning 导入或使用 BR 恢复的过程中，不要执行 `EXCHANGE PARTITION` 操作。





# 分区裁剪

有一个优化叫做[“分区裁剪”](https://docs.pingcap.com/zh/tidb/stable/partition-pruning) ，它基于一个非常简单的概念：不需要扫描那些匹配不上的分区。

假设创建一个分区表 `t1`：

```sql
CREATE TABLE t1 (
    fname VARCHAR(50) NOT NULL,
    lname VARCHAR(50) NOT NULL,
    region_code TINYINT UNSIGNED NOT NULL,
    dob DATE NOT NULL
) PARTITION BY RANGE( region_code ) (
    PARTITION p0 VALUES LESS THAN (64),
    PARTITION p1 VALUES LESS THAN (128),
    PARTITION p2 VALUES LESS THAN (192),
    PARTITION p3 VALUES LESS THAN MAXVALUE
);
```

如果你想获得这个 select 语句的结果：

```sql
SELECT fname, lname, region_code, dob FROM t1 WHERE region_code > 125 AND region_code < 130;
```

很显然，结果必然是在分区 `p1` 或者 `p2` 里面，也就是说，我们只需要在 `p1` 和 `p2` 里面去搜索匹配的行。去掉不必要的分区就是所谓的裁剪。优化器如果能裁剪掉一部分的分区，则执行会快于处理整个不做分区的表的相同查询。

优化器可以通过 where 条件裁剪的两个场景：

- partition_column = constant
- partition_column IN (constant1, constant2, ..., constantN)

分区裁剪暂不支持 `LIKE` 语句。





### 分区裁剪生效的场景

1. 分区裁剪需要使用分区表上面的查询条件，所以根据优化器的优化规则，如果查询条件不能下推到分区表，则相应的查询语句无法执行分区裁剪。

   例如：

   ```sql
   create table t1 (x int) partition by range (x) (
       partition p0 values less than (5),
       partition p1 values less than (10));
       
   create table t2 (x int);
   ```

   ```sql
   explain select * from t1 left join t2 on t1.x = t2.x where t2.x > 5;
   ```

   在这个查询中，外连接可以简化成内连接，然后由 `t1.x = t2.x` 和 `t2.x > 5` 可以推出条件 `t1.x > 5`，于是可以分区裁剪并且只使用 `p1` 分区。

   ```sql
   explain select * from t1 left join t2 on t1.x = t2.x and t2.x > 5;
   ```

   这个查询中的 `t2.x > 5` 条件不能下推到 `t1` 分区表上面，因此 `t1` 无法分区裁剪。

2. 由于分区裁剪的规则优化是在查询计划的生成阶段，对于执行阶段才能获取到过滤条件的场景，无法利用分区裁剪的优化。

   例如：

   ```sql
   create table t1 (x int) partition by range (x) (
       partition p0 values less than (5),
       partition p1 values less than (10));
   ```

   ```sql
   explain select * from t2 where x < (select * from t1 where t2.x < t1.x and t2.x < 2);
   ```

   这个查询每从 `t2` 读取一行，都会去分区表 `t1` 上进行查询，理论上这时会满足 `t1.x > val` 的过滤条件，但实际上由于分区裁剪只作用于查询计划生成阶段，而不是执行阶段，因而不会做裁剪。

3. 由于当前实现中的一处限制，对于查询条件无法下推到 TiKV 的表达式，不支持分区裁剪。

   对于一个函数表达式 `fn(col)`，如果 TiKV 支持这个函数 `fn`，则在查询优化做谓词下推的时候，`fn(col)` 会被推到叶子节点（也就是分区），因而能够执行分区裁剪。

   如果 TiKV 不支持 `fn`，则优化阶段不会把 `fn(col)` 推到叶子节点，而是在叶子上面连接一个 Selection 节点，分区裁剪的实现没有处理这种父节点的 Selection 中的条件，因此对不能下推到 TiKV 的表达式不支持分区裁剪。

4. 对于 Hash 分区类型，只有等值比较的查询条件能够支持分区裁剪。

5. 对于 Range 分区类型，分区表达式必须是 `col` 或者 `fn(col)` 的简单形式，查询条件是 `>`、`<`、`=`、`>=`、`<=` 时才能支持分区裁剪。如果分区表达式是 `fn(col)` 形式，还要求 `fn` 必须是单调函数，才有可能分区裁剪。

   这里单调函数是指某个函数 `fn` 满足条件：对于任意 `x` `y`，如果 `x > y`，则 `fn(x) > fn(y)`。

   这种是严格递增的单调函数，非严格递增的单调函数也可以符合分区裁剪要求，只要函数 `fn` 满足：对于任意 `x` `y`，如果 `x > y`，则 `fn(x) >= fn(y)`。

   理论上所有满足单调条件（严格或者非严格）的函数都是可以支持分区裁剪。实际上，目前 TiDB 已经支持的单调函数只有：

    - [`UNIX_TIMESTAMP()`](https://docs.pingcap.com/zh/tidb/stable/date-and-time-functions)
    - [`TO_DAYS()`](https://docs.pingcap.com/zh/tidb/stable/date-and-time-functions)

   例如，分区表达式是简单列的情况：

   ```sql
   create table t (id int) partition by range (id) (
       partition p0 values less than (5),
       partition p1 values less than (10));
       
   select * from t where id > 6;
   ```

   分区表达式是 `fn(col)` 的形式，`fn` 是我们支持的单调函数 `to_days`：

   ```sql
   create table t (dt datetime) partition by range (to_days(id)) (
       partition p0 values less than (to_days('2020-04-01')),
       partition p1 values less than (to_days('2020-05-01')));
       
   select * from t where dt > '2020-04-18';
   ```

   有一处例外是 `floor(unix_timestamp(ts))` 作为分区表达式，TiDB 针对这个场景做了特殊处理，可以支持分区裁剪。

   ```sql
   create table t (ts timestamp(3) not null default current_timestamp(3))
   partition by range (floor(unix_timestamp(ts))) (
       partition p0 values less than (unix_timestamp('2020-04-01 00:00:00')),
       partition p1 values less than (unix_timestamp('2020-05-01 00:00:00')));
       
   select * from t where ts > '2020-04-18 02:00:42.123';
   ```



# 分区的约束和限制

### 分区键，主键和唯一键

分区键，主键和唯一键之间的关系：**分区表的唯一键中，必须包含分区表达式中用到的所有列**。

这里所指的唯一也包含了主键，因为根据主键的定义，主键必须是唯一的。如果既没有主键，也没有唯一键，则不存在这个限制。



例如，下面这些建表语句就是无效的：

```sql
CREATE TABLE t1 (
    col1 INT NOT NULL,
    col2 DATE NOT NULL,
    col3 INT NOT NULL,
    col4 INT NOT NULL,
    UNIQUE KEY (col1, col2)
)PARTITION BY HASH(col3)
PARTITIONS 4;

CREATE TABLE t2 (
    col1 INT NOT NULL,
    col2 DATE NOT NULL,
    col3 INT NOT NULL,
    col4 INT NOT NULL,
    UNIQUE KEY (col1),
    UNIQUE KEY (col3)
)PARTITION BY HASH(col1 + col3)
PARTITIONS 4;
```

它们都是有唯一键但没有包含所有分区键的。

下面是一些合法的语句的例子：

```sql
CREATE TABLE t1 (
    col1 INT NOT NULL,
    col2 DATE NOT NULL,
    col3 INT NOT NULL,
    col4 INT NOT NULL,
    UNIQUE KEY (col1, col2, col3)
) PARTITION BY HASH(col3)
PARTITIONS 4;

CREATE TABLE t2 (
    col1 INT NOT NULL,
    col2 DATE NOT NULL,
    col3 INT NOT NULL,
    col4 INT NOT NULL,
    UNIQUE KEY (col1, col3)
) PARTITION BY HASH(col1 + col3)
PARTITIONS 4;
```

下例中会产生一个报错：

```sql
> CREATE TABLE t3 (
     col1 INT NOT NULL,
     col2 DATE NOT NULL,
     col3 INT NOT NULL,
     col4 INT NOT NULL,
     UNIQUE KEY (col1, col2),
     UNIQUE KEY (col3)
  ) PARTITION BY HASH(col1 + col3)
    PARTITIONS 4;
ERROR 1491 (HY000): A PRIMARY KEY must include all columns in the table's partitioning function
```

原因是 `col1` 和 `col3` 出现在分区键中，但是几个唯一键定义并没有完全包含它们，做如下修改后语句即为合法：

```sql
CREATE TABLE t3 (
    col1 INT NOT NULL,
    col2 DATE NOT NULL,
    col3 INT NOT NULL,
    col4 INT NOT NULL,
    UNIQUE KEY (col1, col2, col3),
    UNIQUE KEY (col1, col3)
) PARTITION BY HASH(col1 + col3)
    PARTITIONS 4;
```

下面这个表就没法做分区了，因为无论如何都不可能找到满足条件的分区键：

```sql
CREATE TABLE t4 (
    col1 INT NOT NULL,
    col2 INT NOT NULL,
    col3 INT NOT NULL,
    col4 INT NOT NULL,
    UNIQUE KEY (col1, col3),
    UNIQUE KEY (col2, col4)
);
```

根据定义，主键也是唯一键，下面两个建表语句是无效的：

```sql
CREATE TABLE t5 (
    col1 INT NOT NULL,
    col2 DATE NOT NULL,
    col3 INT NOT NULL,
    col4 INT NOT NULL,
    PRIMARY KEY(col1, col2)
) PARTITION BY HASH(col3)
PARTITIONS 4;

CREATE TABLE t6 (
    col1 INT NOT NULL,
    col2 DATE NOT NULL,
    col3 INT NOT NULL,
    col4 INT NOT NULL,
    PRIMARY KEY(col1, col3),
    UNIQUE KEY(col2)
) PARTITION BY HASH( YEAR(col2) )
PARTITIONS 4;
```

以上两个例子中，主键都没有包含分区表达式中的全部的列，在主键中补充缺失列后语句即为合法：

```sql
CREATE TABLE t5 (
    col1 INT NOT NULL,
    col2 DATE NOT NULL,
    col3 INT NOT NULL,
    col4 INT NOT NULL,
    PRIMARY KEY(col1, col2, col3)
) PARTITION BY HASH(col3)
PARTITIONS 4;

CREATE TABLE t6 (
    col1 INT NOT NULL,
    col2 DATE NOT NULL,
    col3 INT NOT NULL,
    col4 INT NOT NULL,
    PRIMARY KEY(col1, col2, col3),
    UNIQUE KEY(col2)
) PARTITION BY HASH( YEAR(col2) )
PARTITIONS 4;
```

DDL 变更时，添加唯一索引也需要考虑到这个限制。比如创建了这样一个表：

```sql
> CREATE TABLE t_no_pk (c1 INT, c2 INT)
     PARTITION BY RANGE(c1) (
         PARTITION p0 VALUES LESS THAN (10),
         PARTITION p1 VALUES LESS THAN (20),
         PARTITION p2 VALUES LESS THAN (30),
         PARTITION p3 VALUES LESS THAN (40)
     );
Query OK, 0 rows affected (0.12 sec)
```

通过 `ALTER TABLE` 添加非唯一索引是可以的。但是添加唯一索引时，唯一索引里面必须包含 `c1` 列。

使用分区表时，前缀索引是不能指定为唯一属性的：

```sql
> CREATE TABLE t (a varchar(20), b blob,
     UNIQUE INDEX (a(5)))
     PARTITION by range columns (a) (
     PARTITION p0 values less than ('aaaaa'),
     PARTITION p1 values less than ('bbbbb'),
     PARTITION p2 values less than ('ccccc'));
ERROR 1503 (HY000): A UNIQUE INDEX must include all columns in the table's partitioning function
```





### 关于函数的分区限制

只有以下函数可以用于分区表达式：

```stylus
ABS()
CEILING()
DATEDIFF()
DAY()
DAYOFMONTH()
DAYOFWEEK()
DAYOFYEAR()
EXTRACT() (see EXTRACT() function with WEEK specifier)
FLOOR()
HOUR()
MICROSECOND()
MINUTE()
MOD()
MONTH()
QUARTER()
SECOND()
TIME_TO_SEC()
TO_DAYS()
TO_SECONDS()
UNIX_TIMESTAMP() (with TIMESTAMP columns)
WEEKDAY()
YEAR()
YEARWEEK()
```



### 兼容性

目前 TiDB 支持 Range 分区、List 分区、List COLUMNS 分区和 Hash 分区，其它的 MySQL 分区类型（例如 Key 分区）尚不支持。

对于 Range Columns 类型的分区表，目前只支持单列的场景。

分区管理方面，只要底层实现可能会涉及数据挪动的操作，目前都暂不支持。包括且不限于：调整 Hash 分区表的分区数量，修改 Range 分区表的范围，合并分区等。

对于暂不支持的分区类型，在 TiDB 中建表时会忽略分区信息，以普通表的形式创建，并且会报 Warning。

Load Data 不支持分区选择操作：

```sql
load local data infile "xxx" into t partition (p1)...
```

环境变量 `tidb_enable_list_partition` 可以控制是否启用分区表功能。如果该变量设置为 `OFF`，则建表时会忽略分区信息，以普通表的方式建表。

该变量仅作用于建表，已经建表之后再修改该变量无效。



### 动态裁剪模式

TiDB 访问分区表有两种模式，`dynamic` 和 `static`。从 v6.3.0 开始，默认使用 `dynamic` 模式。但是注意，`dynamic` 模式仅在表级别汇总统计信息（即 GlobalStats）收集完成的情况下生效。如果选择了 `dynamic` 但 GlobalStats 未收集完成，TiDB 会仍采用 `static` 模式。关于 GlobalStats 更多信息，请参考[动态裁剪模式下的分区表统计信息](https://docs.pingcap.com/zh/tidb/stable/statistics#动态裁剪模式下的分区表统计信息)。

```sql
set @@session.tidb_partition_prune_mode = 'dynamic'
```

普通查询和手动 analyze 使用的是 session 级别的 `tidb_partition_prune_mode` 设置，后台的 auto-analyze 使用的是 global 级别的 `tidb_partition_prune_mode` 设置。

静态裁剪模式下，分区表使用的是分区级别的统计信息，而动态裁剪模式下，分区表用的是表级别的汇总统计信息。

从 `static` 静态裁剪模式切到 `dynamic` 动态裁剪模式时，需要手动检查和收集统计信息。在刚切换到 `dynamic` 时，分区表上仍然只有分区的统计信息，需要等到全局 `dynamic` 动态裁剪模式开启后的下一次 `auto-analyze` 周期，才会更新生成汇总统计信息。

在 `static` 模式下，TiDB 用多个算子单独访问每个分区，然后通过 Union 将结果合并起来。

在 `dynamic` 模式下，每个算子都支持直接访问多个分区，所以 TiDB 不再使用 Union。

`dynamic` 模式让执行计划更简单清晰，省略 Union 操作可提高执行效率，还可避免 Union 并发管理的问题。此外 `dynamic` 模式下，执行计划可以使用 IndexJoin 的方式，这在 `static` 模式下是无法实现的。





# 总结

**表分区，注意事项**

1. 确认表中是否`存在`**唯一键(`包括主键`)** ，如果存在，那么**唯一键** 中，必须包含分区表达式中用到的所有列
2. 如果表中`不存在`**唯一键** ，那么`第1条`规则也就不需要遵守了
3. 分区列是主键列，那么分区列`不可以是 NULL`
4. 分区表达式中列的数据类型，要与**表中列的数据`类型`相符合**
5. 删除分区`一定会删除分区中所有数据`，不会自动转移数据
6. **`MAXVALUE`** 因为添加分区必须是递增的，添加此分区时要注意，此分区表示已经是最大的分区，无法在添加新的分区。
7. 按时间分区默认**左开右闭区间。**
8. 对于分区表，select * from t 的返回结果是分区之间无序的。这跟 MySQL 不同，MySQL 的返回结果是分区之间有序，分区内部无序。
9. List 分区没有类似的 `MAXVALUE` 分区来存储所有不属于其他 partition 的值。分区表达式的所有期望值都应包含在 `PARTITION ... VALUES IN (...)` 子句中。
10. 对于 `HASH` 分区表，暂不支持 `COALESCE PARTITION` 和 `ADD PARTITION` 语句也不能够 `DROP PARTITION`。

推荐使用 `Range` 分区：

1、支持添加分区和删除分区

2、Range COLUMNS 分区列的数据类型可以是整数 (integer)、字符串（`CHAR`/`VARCHAR`），`DATE` 和 `DATETIME`，不支持使用任何表达式。

3、Range INTERVAL 分区可以使用特定的间隔（interval）轻松实现批量创建分区表。
